codigo,codigo_norm,nombre,cta_sup,cta_mayor,tipo,rubro_nif,agrupador_sat,es_detalle
8000000,8000000,Cartera de Factoraje,0000000,3,K,,,false
8010000,8010000,Factoraje Deudor,8000000,1,K,,,false
8011000,8011000,Factoraje Nacional,8010000,4,K,,,false
8011001,8011001,"Panera el Roble, S.A. de C.V.",8011000,2,K,,,true
8011002,8011002,"Queso Portales, S.A. de C.V.",8011000,2,K,,,true
8011003,8011003,"Comercializadora Plavicom, S.A. de C.V.",8011000,2,K,,,true
8020000,8020000,Factoraje Acreedor,8000000,1,L,,,false
8021000,8021000,Factoraje Nacional,8020000,4,L,,,false
8021001,8021001,"Panera el Roble, S.A. de C.V.",8021000,2,L,,,true
8021002,8021002,"Queso Portales, S.A. de C.V.",8021000,2,L,,,true
8021003,8021003,"Comercializadora Plavicom, S.A. de C.V.",8021000,2,L,,,true
0000100,0000100,Activo,0000000,2,A,,,false
0000110,0000110,Circulante,0000100,3,A,,,false
1010000,1010000,Fondo Fijo,0000110,1,A,1101,101,false
1011000,1011000,Moneda Nacional,1010000,4,A,1101.01,101.01,false
1011001,1011001,Caja chica,1011000,2,A,1101.01,101.01,true
1020000,1020000,Bancos,0000110,1,A,1101,102,false
1021000,1021000,Moneda Nacional,1020000,4,A,1101.01,102.01,false
1021001,1021001,HSBC 4051430056,1021000,2,A,1101.01,102.01,true
1021002,1021002,BBVA Bancomer 0191090887,1021000,2,A,1101.01,102.01,true
1021003,1021003,Banco STP,1021000,2,A,1101.01,102.01,true
1021004,1021004,Scotianbank,1021000,2,A,1101.01,102.01,true
1021005,1021005,Actinver - Fideicomiso,1021000,2,A,1101.01,102.01,true
1021006,1021006,Actinver-5094355,1021000,2,A,1101.01,102.01,true
1022000,1022000,Moneda Extranjera,1020000,4,A,1101.02,102.02,false
1022002,1022002,Cta Complementaria BBVA Bancomer USD,1022000,2,A,1101.02,102.02,true
1022001,1022001,Cta BBVA Bancomer USD,1022000,2,A,1101.02,102.02,true
1022003,1022003,Cta Soctiabank USD,1022000,2,A,1101.02,102.02,true
1022004,1022004,Cta Complementaria Scotiabank USD,1022000,2,A,1101.02,102.02,true
1023000,1023000,Inversiones,1020000,4,A,1102,103,false
1023003,1023003,Inversion en Pagares Scotiabank,1023000,2,A,1102.01,103.01,true
1023002,1023002,Inversion en Titulos de Credito,1023000,2,A,1102.01,103.01,true
1023001,1023001,Inversion en Renta Fija BBVA,1023000,2,A,1102.01,103.01,true
1023004,1023004,GBM Casa de Bolsa,1023000,2,A,1102.01,103.01,true
1030000,1030000,Cartera de Factoraje,0000110,1,A,1106,106,false
1031000,1031000,Factoraje Nacional,1030000,4,A,1106.03,106.01,false
1031001,1031001,"Panera el Roble, S.A. de C.V.",1031000,2,A,1106.03,106.01,true
1031002,1031002,"Queso Portales, S.A. de C.V.",1031000,2,A,1106.03,106.01,true
1031003,1031003,"Comercializadora Plavicom, S.A. de C.V.",1031000,2,A,1106.03,106.01,true
1031004,1031004,"Comercializadora Alus, S.A. de C.V.",1031000,2,A,1106.03,106.01,true
1031005,1031005,"Comercializadores en DPyR, S.A. de C.V.",1031000,2,A,1106.03,106.01,true
1031006,1031006,"Alus Shop, S.A. de C.V.",1031000,2,A,1106.03,106.01,true
1031007,1031007,"Biomaster Products, S.A. de C.V.",1031000,2,A,1106.03,106.01,true
1031008,1031008,Derivador Industriales Cafe,1031000,2,A,1106.03,106.01,true
1031009,1031009,"Bluepath, S.A. de C.V.",1031000,2,A,1106.03,106.01,true
1031010,1031010,Deporte Motor BTL S.A. de C.V.,1031000,2,A,1106.03,106.01,true
1031011,1031011,"Exsan de Mexico, S.A. de C.V.",1031000,2,A,1106.03,106.01,true
1031012,1031012,"Servi Exsan de Mexico, S.A. de C.V.",1031000,2,A,1106.03,106.01,true
1031013,1031013,"WW Mexicana, SA de CV",1031000,2,A,1106.03,106.01,true
1031014,1031014,"Cuadratto, S.A. de C.V.",1031000,2,A,1106.03,106.01,true
1031015,1031015,Comercializadora Alcolore SAPI de CV,1031000,2,A,1106.03,106.01,true
1031016,1031016,"Traddex, SA de CV",1031000,2,A,1106.03,106.01,true
1031017,1031017,"Muela Producciones, S de RL de CV",1031000,2,A,1106.03,106.01,true
1031018,1031018,"Career Management Consultant, SA de CV",1031000,2,A,1106.03,106.01,true
1031019,1031019,"Mercantil de Productos Morelos, SA de CV",1031000,2,A,1106.03,106.01,true
1031020,1031020,"Airiis de Mexico, SA de CV",1031000,2,A,1106.03,106.01,true
1031021,1031021,"Paper, SA de CV",1031000,2,A,1106.03,106.01,true
1031022,1031022,"Transportes Unidos Ejido Morelos, SA de CV",1031000,2,A,1106.03,106.01,true
1031023,1031023,"Habilitacion de Papel, SA de CV",1031000,2,A,1106.03,106.01,true
1031024,1031024,Wai Marketing SA de CV,1031000,2,A,1106.03,106.01,true
1031025,1031025,Marcas Coronado SA de CV,1031000,2,A,1106.03,106.01,true
1031026,1031026,ISSI Tecnologia SA de CV,1031000,2,A,1106.03,106.01,true
1031027,1031027,Bolisdlucy de Morelos SA de CV,1031000,2,A,1106.03,106.01,true
1031028,1031028,Crembo Fashion SA de CV,1031000,2,A,1106.03,106.01,true
1031029,1031029,Ecoblock International SA de CV,1031000,2,A,1106.03,106.01,true
1031030,1031030,Heat & Power Systems SA de CV,1031000,2,A,1106.03,106.01,true
1031031,1031031,Transportes Especializados Mazan SA de CV,1031000,2,A,1106.03,106.01,true
1031032,1031032,Torres y Servicios Tecnicos SA de CV,1031000,2,A,1106.03,106.01,true
1031033,1031033,GRUPO EMPRESARIAL CONSULTIVO EN INTEGRACIÓN Y TECN,1031000,2,A,1106.03,106.01,true
1031034,1031034,Big Band SA de CV,1031000,2,A,1106.03,106.01,true
1031035,1031035,Enlaces Terrestres Cervantes SA de CV,1031000,2,A,1106.03,106.01,true
1031036,1031036,"Brittel, SA de CV",1031000,2,A,1106.03,106.01,true
1031037,1031037,Grupo Cinte Soluciones de Integracion SC,1031000,2,A,1106.03,106.01,true
1031038,1031038,"Transpover, SA de CV",1031000,2,A,1106.03,106.01,true
1031039,1031039,"One Supply, SA de CV",1031000,2,A,1106.03,106.01,true
1031040,1031040,"Soaint Mexico, SA de CV",1031000,2,A,1106.03,106.01,true
1031041,1031041,"Sigo Logistic, SA de CV",1031000,2,A,1106.03,106.01,true
1031042,1031042,TELECOBERTURAS INTERNACIONALES SA,1031000,2,A,1106.03,106.01,true
1031043,1031043,BTL Tecnologia,1031000,2,A,1106.03,106.01,true
1031044,1031044,CERBATEX,1031000,2,A,1106.03,106.01,true
1031045,1031045,HARNESS,1031000,2,A,1106.03,106.01,true
1031046,1031046,QUINTO SOL,1031000,2,A,1106.03,106.01,true
1031047,1031047,TECNISPICE,1031000,2,A,1106.03,106.01,true
1031048,1031048,"Litografica Delta, SA de CV",1031000,2,A,1106.03,106.01,true
1031054,1031054,"PKD, SA DE CV",1031000,2,A,1106.03,106.01,true
1031055,1031055,Transportacion y Logistica de Mexico,1031000,2,A,1106.03,106.01,true
1031056,1031056,Depositos no Identificados,1031000,2,A,1106.03,106.01,true
1031057,1031057,GPO IMPRIME,1031000,2,A,1106.03,106.01,true
1031058,1031058,WPN,1031000,2,A,1106.03,106.01,true
1031059,1031059,ALTOS HORNOS DE MEXICO SAB DE CV,1031000,2,A,1106.03,106.01,true
1031060,1031060,ALGODONERA DEL PONIENTE,1031000,2,A,1106.03,106.01,true
1031061,1031061,VICASOEN SAPI DE CV,1031000,2,A,1106.03,106.01,true
1031062,1031062,B y B Impresores SA de CV,1031000,2,A,1106.03,106.01,true
1031064,1031064,B&B APPAREL SA DE CV,1031000,2,A,1106.03,106.01,true
1031063,1031063,ISP LATINOAMERICA S DE RL DE CV,1031000,2,A,1106.03,106.01,true
1032000,1032000,Intereses por Cobrar Factoraje,1030000,4,A,1102.01,106.05,false
1032001,1032001,"Panera el Roble, S.A. de C.V.",1032000,2,A,1102.01,106.05,true
1032002,1032002,"Queso Portales, S.A. de C.V.",1032000,2,A,1102.01,106.05,true
1032003,1032003,"Comercializadora Plavicom, S.A. de C.V.",1032000,2,A,1102.01,106.05,true
1032004,1032004,"Comercializadora Alus, S.A. de C.V.",1032000,2,A,1102.01,106.05,true
1032005,1032005,"Comercializadores en DPyR, S.A. de C.V.",1032000,2,A,1102.01,106.05,true
1032006,1032006,"Alus Shop, S.A. de C.V.",1032000,2,A,1102.01,106.05,true
1032007,1032007,"Biomaster Products, S.A. de C.V.",1032000,2,A,1102.01,106.05,true
1032008,1032008,Derivados Industrializados del Cafe,1032000,2,A,1102.01,106.05,true
1032009,1032009,"Bluepath, S.A. de C.V.",1032000,2,A,1102.01,106.05,true
1032010,1032010,Deporte Motor BTL S.A. de C.V.,1032000,2,A,1102.01,106.05,true
1032011,1032011,"Exsan de Mexico, S.A. de C.V.",1032000,2,A,1102.01,106.05,true
1032012,1032012,"Servi Exsan de Mexico, S.A. de C.V.",1032000,2,A,1102.01,106.05,true
1032013,1032013,"WW Mexicana, SA de CV",1032000,2,A,1102.01,106.05,true
1032014,1032014,"Cuadratto, S.A. de C.V.",1032000,2,A,1102.01,106.05,true
1032015,1032015,Comercializadora Alcolore SAPI de CV,1032000,2,A,1102.01,106.05,true
1032016,1032016,"Traddex, SA de CV",1032000,2,A,1102.01,106.05,true
1032017,1032017,"Muela Producciones, S de RL de CV",1032000,2,A,1102.01,106.05,true
1032018,1032018,"Career Management Consultant, SA de CV",1032000,2,A,1102.01,106.05,true
1032019,1032019,"Mercantil de Productos Morelos, SA de CV",1032000,2,A,1102.01,106.05,true
1032020,1032020,"Airiis de Mexico, SA de CV",1032000,2,A,1102.01,106.05,true
1032021,1032021,"Paper, SA de CV",1032000,2,A,1102.01,106.05,true
1032022,1032022,"Transportes Unido Ejido Morelos, SA de CV",1032000,2,A,1102.01,106.05,true
1032023,1032023,"Habilitacion de Papel, SA de CV",1032000,2,A,1102.01,106.05,true
1032024,1032024,Wai Marketing SA de CV,1032000,2,A,1102.01,106.05,true
1032026,1032026,ISSI Tecnologia SA de CV,1032000,2,A,1102.01,106.05,true
1032027,1032027,Bolisdlucy de Morelos SA de CV,1032000,2,A,1102.01,106.05,true
1032028,1032028,Crembo Fashion SA de CV,1032000,2,A,1102.01,106.05,true
1032029,1032029,Ecoblock International SA de CV,1032000,2,A,1102.01,106.05,true
1032030,1032030,Heat & Power System SA de CV,1032000,2,A,1102.01,106.05,true
1032031,1032031,Transportes Especialzados Mazan SA de CV,1032000,2,A,1102.01,106.05,true
1032032,1032032,Torres y Servicios Tecnicos SA de CV,1032000,2,A,1102.01,106.05,true
1032033,1032033,GRUPO EMPRESARIAL CONSULTIVO EN INTEGRACIÓN Y TECN,1032000,2,A,1102.01,106.05,true
1032034,1032034,Big Band SA de CV,1032000,2,A,1102.01,106.05,true
1032035,1032035,Enlaces Terrestres Cervantes SA de CV,1032000,2,A,1102.01,106.05,true
1032036,1032036,"Brittel, SA de CV",1032000,2,A,1102.01,106.05,true
1032037,1032037,Grupo Cinte Soluciones de Integracion SC,1032000,2,A,1102.01,106.05,true
1032038,1032038,"Transpover, SA de CV",1032000,2,A,1102.01,106.05,true
1032039,1032039,"One Supply, SA de CV",1032000,2,A,1102.01,106.05,true
1032040,1032040,"Soaint Mexico, SA de CV",1032000,2,A,1102.01,106.05,true
1032041,1032041,"Sigo Logistic, SA de CV",1032000,2,A,1102.01,106.05,true
1032042,1032042,TELECOBERTURAS INTERNACIONALES SA,1032000,2,A,1102.01,106.05,true
1032043,1032043,BTL Tecnologia,1032000,2,A,1102.01,106.05,true
1032044,1032044,CERBATEX,1032000,2,A,1102.01,106.05,true
1032045,1032045,HARTNES,1032000,2,A,1102.01,106.05,true
1032046,1032046,Quinto Sol,1032000,2,A,1102.01,106.05,true
1032047,1032047,TECNISPICE,1032000,2,A,1102.01,106.05,true
1032048,1032048,"Litografica Delta, SA de CV",1032000,2,A,1102.01,106.05,true
1032054,1032054,"PKD, SA DE CV",1032000,2,A,1102.01,106.05,true
1032055,1032055,Transportaciones y Logistica de Mexico,1032000,2,A,1102.01,106.05,true
1032057,1032057,GPO IMPRIME,1032000,2,A,1102.01,106.05,true
1032058,1032058,WPN,1032000,2,A,1102.01,106.05,true
1032059,1032059,ALTOS HORNOS DE MEXICO SAB DE CV,1032000,2,A,1102.01,106.05,true
1032060,1032060,ALGODONERIA DEL PONIENTE,1032000,2,A,1102.01,106.05,true
1032061,1032061,VICASOEN SAPI DE CV,1032000,2,A,1102.01,106.05,true
1032062,1032062,B Y B IMPRESORES SA DE CV,1032000,2,A,1102.01,106.05,true
1032063,1032063,ISP LATINOAMERICA S DE RL DE CV,1032000,2,A,1102.01,106.05,true
1032064,1032064,B&B APPAREL SA DE CV,1032000,2,A,1102.01,106.05,true
1033000,1033000,Cuenta x Cobrar-Prestamos,1030000,4,A,1106.03,106.01,false
1033001,1033001,"Panera el Roble, S.A. de C.V.",1033000,2,A,1106.03,106.01,true
1033003,1033003,"Comercializadora Plavicom, S.A. de C.V.",1033000,2,A,1106.03,106.01,true
1033007,1033007,Biomaster,1033000,2,A,1106.03,106.01,true
1033002,1033002,Marcas Coronado SA de CV,1033000,2,A,1106.03,106.01,true
1033004,1033004,"Ideas Domesticas, SA de CV",1033000,2,A,1106.03,106.01,true
1033008,1033008,Soporte Fersana,1033000,2,A,1106.03,106.01,true
1033009,1033009,Jorge A Cerda Allende,1033000,2,A,1106.03,106.01,true
1033010,1033010,"Airis de Mexico, SA de CV",1033000,2,A,1106.03,106.01,true
1033011,1033011,"Inmobiliaria Zechnas, SA de CV",1033000,2,A,1106.03,106.01,true
1033012,1033012,"Protectogard, SA de CV",1033000,2,A,1106.03,106.01,true
1033013,1033013,"GLC CO, S.A. de C.V.",1033000,2,A,1106.03,106.01,true
1033014,1033014,"Dezdez Capital, S.A. de C.V.",1033000,2,A,1106.03,106.01,true
1033015,1033015,Juan Pablo Arav Salazar,1033000,2,A,1106.03,106.01,true
1033016,1033016,"MS Notarios, SC",1033000,2,A,1106.03,106.01,true
1033017,1033017,Moises Farca Crarabati,1033000,2,A,1106.03,106.01,true
1033018,1033018,BROPBOX,1033000,2,A,1106.03,106.01,true
1033019,1033019,Ignacio Usobiaga Hegewisch,1033000,2,A,1106.03,106.01,true
1033020,1033020,"Transportes Unidos Ejido Morelos, SA de CV",1033000,2,A,1106.03,106.01,true
1033021,1033021,"Habilitacion de Papel, SA de CV",1033000,2,A,1106.03,106.01,true
1033022,1033022,Exsan de Mexico SA de CV,1033000,2,A,1106.03,106.01,true
1033023,1033023,Propiedades y Activos ACR SA de CV,1033000,2,A,1106.03,106.01,true
1033024,1033024,Heat & Power Systems SA de CV,1033000,2,A,1106.03,106.01,true
1033025,1033025,Ecoblock International SA de CV,1033000,2,A,1106.03,106.01,true
1033026,1033026,"Mercantil de Productos Morelos, SA de CV",1033000,2,A,1106.03,106.01,true
1033027,1033027,Transportes Especializados Mazan SA de CV,1033000,2,A,1106.03,106.01,true
1033028,1033028,Torres y Servicios Tecnicos SA de CV,1033000,2,A,1106.03,106.01,true
1033029,1033029,GRUPO EMPRESARIAL CONSULTIVO EN INTEGRACIÓN Y TECN,1033000,2,A,1106.03,106.01,true
1033030,1033030,Big Band SA de CV,1033000,2,A,1106.03,106.01,true
1033031,1033031,Enlaces Terrestres Cervantes SA de CV,1033000,2,A,1106.03,106.01,true
1033037,1033037,Grupo Cinte Soluciones de Integracion SC,1033000,2,A,1106.03,106.01,true
1033038,1033038,"One Supply, SA de CV",1033000,2,A,1106.03,106.01,true
1033039,1033039,"Sigo Logistics, SA de CV",1033000,2,A,1106.03,106.01,true
1033040,1033040,"Soaint Mexico, SA de CV",1033000,2,A,1106.03,106.01,true
1033041,1033041,"Transpover, SA de CV",1033000,2,A,1106.03,106.01,true
1033042,1033042,"QUESO PORTALES, SA DE CV",1033000,2,A,1106.03,106.01,true
1033043,1033043,TELECOBERTURAS INTERNACIONALES SA,1033000,2,A,1106.03,106.01,true
1033044,1033044,Brittel,1033000,2,A,1106.03,106.01,true
1033045,1033045,BTL Tecnologia,1033000,2,A,1106.03,106.01,true
1033046,1033046,SOAINT,1033000,2,A,1106.03,106.01,true
1033047,1033047,Deporte Motor S.A de CV,1033000,2,A,1106.03,106.01,true
1033048,1033048,CERBATEX,1033000,2,A,1106.03,106.01,true
1033049,1033049,Qunto Sol,1033000,2,A,1106.03,106.01,true
1033050,1033050,Fondo de Marcas Mexicanas,1033000,2,A,1106.03,106.01,true
1033051,1033051,TECNISPICE,1033000,2,A,1106.03,106.01,true
1033052,1033052,Quinto Sol,1033000,2,A,1106.03,106.01,true
1033053,1033053,"Litografica Delta, SA de CV",1033000,2,A,1106.03,106.01,true
1033054,1033054,"PKD, SA DE CV",1033000,2,A,1106.03,106.01,true
1033055,1033055,Transportaciones y Logostica de Mexico,1033000,2,A,1106.03,106.01,true
1033057,1033057,GPO IMPRIME,1033000,2,A,1106.03,106.01,true
1033058,1033058,WPN,1033000,2,A,1106.03,106.01,true
1033059,1033059,ALTOS HORNOS DE MEXICO SAB DE CV,1033000,2,A,1106.03,106.01,true
1033060,1033060,ALGODONERIA DEL PONIENTE,1033000,2,A,1106.03,106.01,true
1033061,1033061,VICASOEN SAPI DE CV,1033000,2,A,1106.03,106.01,true
1033062,1033062,B Y B IMPRESORES SA DE CV,1033000,2,A,1106.03,106.01,true
1033063,1033063,ISP LATINOAMERICA S DE RL DE CV,1033000,2,A,1106.03,106.01,true
1033064,1033064,B&B APPAREL SA DE CV,1033000,2,A,1106.03,106.01,true
1033080,1033080,DERIVADOS INDUSTRIALIZADOS (DICAFE),1033000,2,A,1106.03,106.01,true
1034000,1034000,Clientes por Arrendamiento,1030000,4,A,1105.03,105.01,false
1034001,1034001,Airis de Mexico SA de CV,1034000,2,A,1105.03,105.01,true
1034002,1034002,"Comercializadora Alus, SA de CV",1034000,2,A,1105.03,105.01,true
1034003,1034003,"Soporte Fersana, SA de CV",1034000,2,A,1105.03,105.01,true
1034004,1034004,"Compañia Administradora del Golfo, SA de CV",1034000,2,A,1105.03,105.01,true
1034005,1034005,"Capitales Orinoco, S.A. de C.V.",1034000,2,A,1105.03,105.01,true
1034006,1034006,"Dezdez Capital, S.A. de C.V.",1034000,2,A,1105.03,105.01,true
1034007,1034007,"GLC CO, S.A. de C.V.",1034000,2,A,1105.03,105.01,true
1034008,1034008,"Securirent, S.A. de C.V.",1034000,2,A,1105.03,105.01,true
1034009,1034009,"Panera el Roble, S.A. de C.V.",1034000,2,A,1105.03,105.01,true
1034010,1034010,Alberto Usobiaga Hegewisch,1034000,2,A,1105.03,105.01,true
1034011,1034011,"Protectogard, SA de CV",1034000,2,A,1105.03,105.01,true
1034012,1034012,"Cabo Development, S.A. de C.V.",1034000,2,A,1105.03,105.01,true
1034013,1034013,Caper Soluciones SA de CV,1034000,2,A,1105.03,105.01,true
1035000,1035000,Venta de Cartera,1030000,4,A,1106,106,false
1035001,1035001,"Panera el Roble, SA de CV",1035000,2,A,1106,106,true
1035011,1035011,"Exsan de Mexico, SA de CV",1035000,2,A,1106,106,true
1035008,1035008,"Derivados Industriales del Cafe, SA",1035000,2,A,1106,106,true
1035002,1035002,"Queso Portales, SA de CV",1035000,2,A,1106,106,true
1035016,1035016,"Traddex, SA de CV",1035000,2,A,1106,106,true
1035010,1035010,"Deporte Motor, SA de CV",1035000,2,A,1106,106,true
1035019,1035019,"Mercantil de Productos Morelos, SA de CV",1035000,2,A,1106,106,true
1035021,1035021,"Papers, S.A. de C.V.",1035000,2,A,1106,106,true
1035022,1035022,Transportistas Unidos Ejidos de Morelos SA de CV,1035000,2,A,1106,106,true
1035028,1035028,"Crembo Fashion, SA de CV",1035000,2,A,1106,106,true
1035037,1035037,"Gpo Cinte Soluciones de Integracion, SC",1035000,2,A,1106,106,true
1035038,1035038,"Transpover, SA de CV",1035000,2,A,1106,106,true
1035034,1035034,"Big Band, SA de CV",1035000,2,A,1106,106,true
1035033,1035033,GRUPO EMPRESARIAL CONSULTIVO EN INTEGRACIÓN Y TECN,1035000,2,A,1106,106,true
1035035,1035035,"Enlaces Terrestres Cervantes, SA de CV",1035000,2,A,1106,106,true
1035040,1035040,"Soaint Mexico, SA de CV",1035000,2,A,1106,106,true
1036000,1036000,Intereses Dev x Vta de Cartera,1030000,4,A,1106,106,false
1036001,1036001,"Panera el Roble, SA de CV",1036000,2,A,1106,106,true
1036008,1036008,"Derivados Industriales del Cafe, SA",1036000,2,A,1106,106,true
1036011,1036011,"Exsan de Mexico, SA de CV",1036000,2,A,1106,106,true
1036002,1036002,"Queso Portales, SA de CV",1036000,2,A,1106,106,true
1036016,1036016,"Traddex, SA de CV",1036000,2,A,1106,106,true
1036010,1036010,"Deporte Motor, SA de CV",1036000,2,A,1106,106,true
1036019,1036019,"Mercantil de Productos Morelos, SA de CV",1036000,2,A,1106,106,true
1036021,1036021,"Papers, S.A. de C.V.",1036000,2,A,1106,106,true
1036022,1036022,Transportistas Unidos Ejidos de Morelos SA de CV,1036000,2,A,1106,106,true
1036028,1036028,"Crembo Fashion, SA de CV",1036000,2,A,1106,106,true
1036036,1036036,"Brittel, SA de CV",1036000,2,A,1106,106,true
1036037,1036037,"Gpo Cinte Soluciones de Integracion, SC",1036000,2,A,1106,106,true
1036038,1036038,"Transpover, SA de CV",1036000,2,A,1106,106,true
1036034,1036034,"Big Band, SA de CV",1036000,2,A,1106,106,true
1036033,1036033,GRUPO EMPRESARIAL CONSULTIVO EN INTEGRACIÓN Y TECN,1036000,2,A,1106,106,true
1036035,1036035,"Enlaces Terrestres Cervantes, SA de CV",1036000,2,A,1106,106,true
1036040,1036040,"Soaint Mexico, SA de CV",1036000,2,A,1106,106,true
1037000,1037000,Intereses Moratorios x Cobrar Factoraje,1030000,2,A,1106,106,false
1037034,1037034,BIG BAND,1037000,2,A,1106,106,true
1037007,1037007,BIO MASTER,1037000,2,A,1106,106,true
1037043,1037043,BTL TECNOLOGIA,1037000,2,A,1106,106,true
1037035,1037035,ENLACES TERRESTRES CERVANTES,1037000,2,A,1106,106,true
1037044,1037044,CERBATEX,1037000,2,A,1106,106,true
1037010,1037010,DEPORTE,1037000,2,A,1106,106,true
1037011,1037011,EXSAN,1037000,2,A,1106,106,true
1037037,1037037,CINTE,1037000,2,A,1106,106,true
1037033,1037033,GRUPO EMPRESARIAL CONSULTIVO EN INTEGRACIÓN Y TECN,1037000,2,A,1106,106,true
1037048,1037048,LITOGRAFICA,1037000,2,A,1106,106,true
1037046,1037046,QUINTO SOL,1037000,2,A,1106,106,true
1037001,1037001,PANERA EL ROBLE,1037000,2,A,1106,106,true
1037002,1037002,QUESO,1037000,2,A,1106,106,true
1037041,1037041,SIGO,1037000,2,A,1106,106,true
1037040,1037040,SOAINT MEXICO,1037000,2,A,1106,106,true
1037047,1037047,TECNISPICE,1037000,2,A,1106,106,true
1037042,1037042,TCI,1037000,2,A,1106,106,true
1037022,1037022,TUEMSA,1037000,2,A,1106,106,true
1037054,1037054,PKD,1037000,2,A,1106,106,true
1037055,1037055,Transportaciones y Logistica de Mexico,1037000,2,A,1106,106,true
1037057,1037057,GPO IMPRIME,1037000,2,A,1106,106,true
1037045,1037045,HARTNESS LATINOAMERICA,1037000,2,A,1106,106,true
1037008,1037008,DERIVADOS INDUSTRIALIZADOS (DICAFE),1037000,2,A,1106,106,true
1037019,1037019,"MERCANTIL DE PRODUCTOS MORELOS, SA DE CV",1037000,2,A,1106,106,true
1037058,1037058,WPN,1037000,2,A,1106,106,true
1037059,1037059,ALTOS HORNOS DE MEXICO SAB DE CV,1037000,2,A,1106,106,true
1037060,1037060,ALGODONERA DEL PONIENTE,1037000,2,A,1106,106,true
1037061,1037061,VICASOEN SAPI DE CV,1037000,2,A,1106,106,true
1037062,1037062,B Y B IMPRESORES SA DE CV,1037000,2,A,1106,106,true
1037063,1037063,ISP LATINOAMERICA S DE RL DE CV,1037000,2,A,1106,106,true
1037064,1037064,B&B APPAREL SA DE CV,1037000,2,A,1106,106,true
1038000,1038000,Factoraje - Cartera vencida,1030000,2,A,1106,106,false
1038044,1038044,CERBATEX,1038000,2,A,1106,106,true
1038037,1038037,CINTE,1038000,2,A,1106,106,true
1038033,1038033,GRUPO EMPRESARIAL CONSULTIVO EN INTEGRACIÓN Y TECN,1038000,2,A,1106,106,true
1038002,1038002,QUESO,1038000,2,A,1106,106,true
1038034,1038034,BIG BAND,1038000,2,A,1106,106,true
1038011,1038011,EXSAN,1038000,2,A,1106,106,true
1038055,1038055,TRANSPORTACIONES Y LOGISTICA DE MEXICO S DE RL DE,1038000,2,A,1106,106,true
1038022,1038022,TUEMSA,1038000,2,A,1106,106,true
1039000,1039000,Cartera vencida intereses ordinarios,1030000,2,A,1106,106,false
1039034,1039034,BIG BAND,1039000,2,A,1106,106,true
1039007,1039007,BIO MASTER,1039000,2,A,1106,106,true
1039043,1039043,BTL TECNOLOGIA,1039000,2,A,1106,106,true
1039035,1039035,ENLACES TERRESTRES CERVANTES,1039000,2,A,1106,106,true
1039044,1039044,CERBATEX,1039000,2,A,1106,106,true
1039010,1039010,DEPORTE,1039000,2,A,1106,106,true
1039011,1039011,EXSAN,1039000,2,A,1106,106,true
1039037,1039037,CINTE,1039000,2,A,1106,106,true
1039033,1039033,GRUPO EMPRESARIAL CONSULTIVO EN INTEGRACIÓN Y TECN,1039000,2,A,1106,106,true
1039048,1039048,LITOGRÁFICA,1039000,2,A,1106,106,true
1039046,1039046,QUNTO SOL,1039000,2,A,1106,106,true
1039001,1039001,PANERA EL ROBLE,1039000,2,A,1106,106,true
1039002,1039002,QUESO,1039000,2,A,1106,106,true
1039041,1039041,SIGO,1039000,2,A,1106,106,true
1039040,1039040,SOAINT MEXICO,1039000,2,A,1106,106,true
1039047,1039047,TECNISPICE,1039000,2,A,1106,106,true
1039042,1039042,TCI,1039000,2,A,1106,106,true
1039022,1039022,TUEMSA,1039000,2,A,1106,106,true
1039054,1039054,PKD,1039000,2,A,1106,106,true
1039055,1039055,TRANSPORTACIONES Y LOGISTICA DE MEXICO S DE RL DE,1039000,2,A,1106,106,true
1039057,1039057,GPO IMPRIME,1039000,2,A,1106,106,true
1039045,1039045,HARTNESS LATINOAMERICA,1039000,2,A,1106,106,true
1039008,1039008,DERIVADOS INDUSTRIALIZADOS (DICAFE),1039000,2,A,1106,106,true
1039019,1039019,"MERCANTIL DE PRODUCTOS MORELOS, SA DE CV",1039000,2,A,1106,106,true
1040000,1040000,Deudores Diversos,0000110,1,A,1107,107,false
1041000,1041000,Accionistas,1040000,4,A,1107.01,107.02,false
1041001,1041001,"Inmobiliaria Zehcnas, S.A. de C.V.",1041000,2,A,1107.01,107.02,true
1041002,1041002,"Dezdez Capital, S.A. de C.V.",1041000,2,A,1107.01,107.02,true
1041003,1041003,Eduado Juan Creel Sánchez Navarro,1041000,2,A,1107.01,107.02,true
1041004,1041004,Elena Sánchez Navarro,1041000,2,A,1107.01,107.02,true
1041005,1041005,"Zarco Capital, S.A. de C.V.",1041000,2,A,1107.01,107.02,true
1042000,1042000,Deudores Diversos,1040000,4,A,1122.01,107.05,false
1042001,1042001,Juan Pablo,1042000,2,A,1122.01,107.05,true
1042002,1042002,Roberto Azpiri García,1042000,2,A,1122.01,107.05,true
1042003,1042003,Felipe Fernández,1042000,2,A,1122.01,107.05,true
1042004,1042004,Marcas Coronando (Vta AF),1042000,2,A,1122.01,107.05,true
1042005,1042005,"Volarco Capital, SA",1042000,2,A,1122.01,107.05,true
1042006,1042006,Yamilet Zatarain Young,1042000,2,A,1122.01,107.05,true
1042007,1042007,"AU Capital Servicios y Leasing, SAPI de CV",1042000,2,A,1122.01,107.05,true
1042008,1042008,AF Servicios y Leasing SA de CV,1042000,2,A,1122.01,107.05,true
1042009,1042009,AF Servicios y Leasing SA CV (Cesion Plavicom),1042000,2,A,1122.01,107.05,true
1042010,1042010,Concepcion Alcantar,1042000,2,A,1122.01,107.05,true
1042011,1042011,LENDIT,1042000,2,A,1122.01,107.05,true
1042012,1042012,Ericka Cano,1042000,2,A,1122.01,107.05,true
1042014,1042014,Flux Financiera LLC,1042000,2,A,1122.01,107.05,true
1042013,1042013,Javier Farias,1042000,2,A,1122.01,107.05,true
1042015,1042015,Noel Aguilar Izquierdo,1042000,2,A,1122.01,107.05,true
1042048,1042048,Litografica,1042000,2,A,1122.01,107.05,true
1043000,1043000,Otros deudores,1040000,2,A,1122.01,107.05,false
1043001,1043001,Prometheus Technology - Pago a Cta de Terceros,1043000,2,A,1122.01,107.05,true
1043002,1043002,Servicios Gasar- Pago a cta Terceros Amex,1043000,2,A,1122.01,107.05,true
1043003,1043003,American Express,1043000,2,A,1122.01,107.05,true
1043004,1043004,Velocity Trade Settlement Augu Usd,1043000,2,A,1122.01,107.05,true
1043005,1043005,Velocity Trade Settlement Augu Complementaria,1043000,2,A,1122.01,107.05,true
1043006,1043006,Grupo Cinte Soluciones de Integracion SC,1043000,2,A,1122.01,107.05,true
1043007,1043007,Scotiabank MXN 386,1043000,2,A,1122.01,107.05,true
1043008,1043008,Scotiabank USD 333,1043000,2,A,1122.01,107.05,true
1043009,1043009,Scotiabank USD 333 Complementaria,1043000,2,A,1122.01,107.05,true
1043010,1043010,Diversos,1043000,2,A,1122.01,107.05,true
1044000,1044000,Creditos Cartera Vigente,1040000,2,A,1122.01,107.05,false
1044011,1044011,EXSAN,1044000,2,A,1122.01,107.05,true
1044037,1044037,Cinte,1044000,2,A,1122.01,107.05,true
1044001,1044001,Panera el Roble,1044000,2,A,1122.01,107.05,true
1044040,1044040,Soaint,1044000,2,A,1122.01,107.05,true
1044044,1044044,CERBATEX,1044000,2,A,1122.01,107.05,true
1045000,1045000,Creditos Cartera Vencida,1040000,2,A,1122.01,107.05,false
1045011,1045011,Exsan,1045000,2,A,1122.01,107.05,true
1045037,1045037,Cinte,1045000,2,A,1122.01,107.05,true
1045001,1045001,Panera El Roble,1045000,2,A,1122.01,107.05,true
1045040,1045040,Soaint Mexico,1045000,2,A,1122.01,107.05,true
1044002,1044002,Marcas Coronado,1040000,2,A,1107,107,true
1050000,1050000,Impuestos a Favor,0000110,1,A,,,false
1051000,1051000,IVA Pendiente de  Acreditar,1050000,4,A,1103.01,119.01,true
1052000,1052000,ISR a Favor,1050000,4,A,1103.01,113.02,false
1052001,1052001,Reteneciones Bancarias,1052000,2,A,1103.01,113.02,true
1052002,1052002,ISR Pagos Provisionales,1052000,2,A,1103.01,113.02,true
1053000,1053000,IETU Pago Provisional,1050000,2,A,1103.01,113.03,true
1054000,1054000,IDE,1050000,2,A,1103.01,113.04,true
1055000,1055000,IVA Acreditable,1050000,2,A,1103.01,113.01,true
1060000,1060000,Estimacion preventiva para riesgos crediticios,0000110,1,A,1108,108,false
1061000,1061000,Estimacion preventiva para riesgos crediticios,1060000,4,A,1108.01,108.01,false
1061001,1061001,Estimacion por Factoraje,1061000,2,A,1108.01,108.01,true
1061002,1061002,Estimacion por credito,1061000,2,A,1108.01,108.01,true
1070000,1070000,Credito Mercantil,0000110,1,A,1204,180,false
1071000,1071000,Credito Mercantil - AU Capital SAPI de CV,1070000,2,A,1204.01,180.01,true
1080000,1080000,Anticipo a proveedores,0000110,1,A,1109,120,false
1080001,1080001,Diversos,1080000,2,A,1109.04,120.01,true
1080002,1080002,Soporte Fersana,1080000,2,A,1109.04,120.01,true
1080003,1080003,Servicios contables Gasar,1080000,2,A,1109.04,120.01,true
1080004,1080004,Innovacion Tecnologica 2.0 SAPI de CV,1080000,2,A,1109.04,120.01,true
1080005,1080005,Estrategias de Negocios Mojo S.A. de C.V.,1080000,2,A,1109.04,120.01,true
1080006,1080006,Xolalpa Alejo y Asociados S.C.,1080000,2,A,1109.04,120.01,true
0000120,0000120,Activo Fijo,0000100,2,A,,,false
1210000,1210000,Equipo de Computo y Software,0000120,1,A,1201,156,false
1210001,1210001,Adqusición,1210000,2,A,1201.10,156.01,true
1210002,1210002,Depreciación,1210000,2,B,1201.11,171.05,true
1220000,1220000,Mobiliario y Equipo de Oficina,0000120,1,A,1201,155,false
1220001,1220001,Adquisiciones,1220000,2,A,1201.08,155.01,true
1220002,1220002,Depreciacion,1220000,2,B,1201.09,171.04,true
1250000,1250000,Bienes Arrendados,0000120,1,A,,,false
1251000,1251000,Autos,1250000,4,A,,,false
1251001,1251001,Camioneta Honda 2014,1251000,2,A,,,true
1251002,1251002,Auto Yaris,1251000,2,A,,,true
1251003,1251003,Auto VW Golf GTI,1251000,2,A,,,true
1251004,1251004,Camioneta TACOMA,1251000,2,A,,,true
1251005,1251005,Camioneta AVANZA HI 4AT,1251000,2,A,,,true
1251006,1251006,Camioneta Highlander,1251000,2,A,,,true
1251007,1251007,Camioneta Suburban 4X4,1251000,2,A,,,true
1251008,1251008,Auto Chevrolet Matiz,1251000,2,A,,,true
1251009,1251009,Camioneta BMW X5,1251000,2,A,,,true
1251010,1251010,Camioneta Toyota Hilux 2015,1251000,2,A,,,true
1251011,1251011,Camioneta Suburban 2015,1251000,2,A,,,true
1251012,1251012,Automovil Toyota Corolla 2015,1251000,2,A,,,true
1251013,1251013,Dodge Charger Patrulla 2015,1251000,2,A,,,true
1251015,1251015,NISSAN TM,1251000,2,A,,,true
1251014,1251014,Camioneta Mercedes Benz,1251000,2,A,,,true
1252000,1252000,Depreciacion de Autos Arrendados,1250000,4,B,,,false
1252002,1252002,Deprec Auto Yaris 2014,1252000,2,B,,,true
1252001,1252001,Depreciacion Acumulada,1252000,2,B,,,true
1253000,1253000,Equipo de Computo,1250000,4,A,,,false
1253001,1253001,Mac Book,1253000,2,A,,,true
1230000,1230000,Software en Desarrollo,0000120,1,A,1201,160,false
1230001,1230001,Sistema Integral de Operacion Exertus,1230000,2,A,1208.01,160.01,true
1230002,1230002,Adecuaciones a Bienes Arrendados,1230000,2,A,1208.01,160.01,true
0000121,0000121,Computadora Hp,0000120,2,A,1201.10,156.01,true
0000130,0000130,Activo Diferido,0000100,2,A,,,false
1301000,1301000,Pagos Antiipados,0000130,1,A,,,false
1301001,1301001,Seguros y Fianzas,1301000,2,A,,,true
1301002,1301002,Rentas oficinas Alpes,1301000,2,A,1109,109,true
1301003,1301003,Propaganda y publicidad,1301000,2,A,1109,109,true
1301004,1301004,Comision por financiamiento,1301000,2,A,,,true
1301005,1301005,Cuotas y suscripciones por amortizar,1301000,2,A,,,true
1301006,1301006,Paqueteria y Mensajeria,1301000,2,A,,,true
1350000,1350000,Depositos en Garanatia,0000130,1,A,,,false
1350001,1350001,"Iusacel, SA de CV",1350000,2,A,,,true
1350002,1350002,Oficinas Alpes,1350000,2,A,1121.01,121.01,true
0000122,0000122,MONITORES,0000000,2,A,1201.10,156.01,true
0000200,0000200,Pasivo,0000000,2,D,,,false
0000210,0000210,A Corto Plazo,0000200,3,D,,,false
2010000,2010000,Acreedores Diversos,0000210,1,D,,,false
2012000,2012000,Cuenta por Pagar-Factoraje,2010000,4,D,,,false
2012001,2012001,"Panera el Roble, S.A. de C.V.",2012000,2,D,,,true
2012002,2012002,"Queso Portales, S.A. de C.V.",2012000,2,D,,,true
2012003,2012003,"Comercializadora Plavicom, S.A. de C.V.",2012000,2,D,,,true
2012005,2012005,"Comercializadores en DPyR, S.A. de C.V.",2012000,2,D,,,true
2012004,2012004,"Comercializadora Alus, S.A. de C.V.",2012000,2,D,,,true
2012006,2012006,"Alus Shop, S.A. de C.V.",2012000,2,D,,,true
2012007,2012007,"Biomaster Products, S.A. de C.V.",2012000,2,D,,,true
2012008,2012008,Derivados Industrializados del Café,2012000,2,D,,,true
2012009,2012009,"Bluepath, S.A. de C.V.",2012000,2,D,,,true
2012010,2012010,Deporte Motor BTL S.A. de C.V.,2012000,2,D,,,true
2012011,2012011,"Exsan de Mexico, S.A. de C.V.",2012000,2,D,,,true
2012012,2012012,"Servi Exsan de Mexico, S.A. de C.V.",2012000,2,D,,,true
2012013,2012013,"WW Mexicana, SA de CV",2012000,2,D,,,true
2012014,2012014,"Cuadratto, S.A. de C.V.",2012000,2,D,,,true
2012015,2012015,"Comercilizadora Alcolore, SAPI de CV",2012000,2,D,,,true
2012016,2012016,"Traddex, SA de CV",2012000,2,D,,,true
2012017,2012017,"Muela Producciones, S de RL de CV",2012000,2,D,,,true
2012018,2012018,"Career Management Consultant, SA de CV",2012000,2,D,,,true
2012019,2012019,"Mercantil de Productos Morelos, SA de CV",2012000,2,D,,,true
2012020,2012020,"Airiis de Mexico, SA de CV",2012000,2,D,,,true
2012021,2012021,"Paper, SA de CV",2012000,2,D,,,true
2012022,2012022,"Transportes Unido Ejido Morelos, SA de CV",2012000,2,D,2105.03,205.02,true
2012023,2012023,"Habilitacion de Papel, SA de CV",2012000,2,D,2102.03,201.01,true
2012024,2012024,Wai Marketing SA de CV,2012000,2,D,,,true
2012026,2012026,ISSI Tecnologia SA de CV,2012000,2,D,,,true
2012027,2012027,Bolisdlucy de Morelos SA de CV,2012000,2,D,,,true
2012028,2012028,Crembo Fashion SA de CV,2012000,2,D,,,true
2012029,2012029,Ecoblock International SA de CV,2012000,2,D,,,true
2012030,2012030,Heat & Power Systems SA de CV,2012000,2,D,,,true
2012031,2012031,Transportes Especializados Mazan SA de CV,2012000,2,D,,,true
2012032,2012032,Torres y Servicios Tecnicos SA de CV,2012000,2,D,,,true
2012033,2012033,GRUPO EMPRESARIAL CONSULTIVO EN INTEGRACIÓN Y TECN,2012000,2,D,,,true
2012034,2012034,Big Band SA de CV,2012000,2,D,,,true
2012035,2012035,Enlaces Terrestres Cervantes SA de CV,2012000,2,D,,,true
2012036,2012036,"Brittel, SA de CV",2012000,2,D,2105.03,205.02,true
2012037,2012037,Grupo Cinte Soluciones de Integracion SC,2012000,2,D,,,true
2012038,2012038,"Transpover, SA de CV",2012000,2,D,2105.03,205.02,true
2012039,2012039,"One Supply, SA de CV",2012000,2,D,2105.03,205.02,true
2012040,2012040,"Soaint Mexico, SA de CV",2012000,2,D,2105.03,205.02,true
2012041,2012041,"Sigo Logistic, SA de CV",2012000,2,D,,,true
2012042,2012042,TELECOBERTURAS INTERNACIONACIONALES SA,2012000,2,D,2101,202,true
2012043,2012043,BTL Tecnologia,2012000,2,D,2101,202,true
2012044,2012044,CERBATEX,2012000,2,D,2101,202,true
2012045,2012045,HARTNES,2012000,2,D,2101,202,true
2012046,2012046,Quinto Sol,2012000,2,D,2101,202,true
2012047,2012047,TECNISPICE,2012000,2,D,2101,202,true
2012048,2012048,"Litografica Delta, SA de CV",2012000,2,D,2105.03,205.02,true
2012054,2012054,"PKD, SA DE CV",2012000,2,D,,,true
2012055,2012055,Transportaciones y Logistica de Mexico,2012000,2,D,,,true
2012057,2012057,GPO IMPRIME,2012000,2,D,,,true
2012058,2012058,WPN,2012000,2,D,,,true
2012059,2012059,ALTOS HORNOS DE MEXICO SAB DE CV,2012000,2,D,,,true
2012060,2012060,ALGODONERA DEL PONIENTE,2012000,2,D,,,true
2012061,2012061,VICASOEN SAPI DE CV,2012000,2,D,,,true
2012062,2012062,B Y B IMPRESORES SA DE CV,2012000,2,D,,,true
2012064,2012064,B&B APPAREL SA DE CV,2012000,2,D,,,true
2012063,2012063,ISP LATINOAMERICA S DE RL DE CV,2012000,2,D,,,true
2013000,2013000,Intreses por Devengar-Factoring,2010000,4,D,,,false
2013001,2013001,"Panera el Roble, S.A. de C.V.",2013000,2,D,,,true
2013002,2013002,"Queso Portales, S.A. de C.V.",2013000,2,D,,,true
2013003,2013003,"Comercializadora Plavicom, S.A. de C.V.",2013000,2,D,,,true
2013004,2013004,"Comercializadora Alus, S.A. de C.V.",2013000,2,D,,,true
2013005,2013005,"Comercializadores en DPyR, S.A. de C.V.",2013000,2,D,,,true
2013006,2013006,"Alus Shop, S.A. de C.V.",2013000,2,D,,,true
2013007,2013007,"Biomaster Products, S.A. de C.V.",2013000,2,D,,,true
2013008,2013008,Derivados Industrializados del Cafe,2013000,2,D,,,true
2013009,2013009,"Bluepath, S.A. de C.V.",2013000,2,D,,,true
2013010,2013010,Deporte Motor BTL S.A. de C.V.,2013000,2,D,,,true
2013011,2013011,"Exsan de Mexico, S.A. de C.V.",2013000,2,D,,,true
2013012,2013012,"Servi Exsan de Mexico, S.A. de C.V.",2013000,2,D,,,true
2013013,2013013,"WW Mexicana, SA de CV",2013000,2,D,,,true
2013014,2013014,"Cuadratto, S.A. de C.V.",2013000,2,D,,,true
2013015,2013015,"Comercializadora Alcolore, SAPI de CV",2013000,2,D,,,true
2013016,2013016,"Traddex, SA de CV",2013000,2,D,,,true
2013017,2013017,"Muela Producciones, S de RL de CV",2013000,2,D,,,true
2013018,2013018,"Career Management Consultant, SA de CV",2013000,2,D,,,true
2013019,2013019,"Mercantil de Productos Morelos, SA de CV",2013000,2,D,,,true
2013020,2013020,"Airiis de Mexico, SA de CV",2013000,2,D,,,true
2013021,2013021,"Paper, SA de CV",2013000,2,D,,,true
2013022,2013022,"Transportes Unido Ejido Morelos, SA de CV",2013000,2,D,2105.03,205.02,true
2013023,2013023,"Habilitacion de Papel, SA de CV",2013000,2,D,2102.03,201.01,true
2013024,2013024,Wai Marketing SA de Cv,2013000,2,D,,,true
2013026,2013026,ISSI Tecnnologia SA de CV,2013000,2,D,,,true
2013027,2013027,Bolisdlucy de Morelos SA de CV,2013000,2,D,,,true
2013028,2013028,Crembo Fashion SA de CV,2013000,2,D,,,true
2013029,2013029,Ecoblock International SA de CV,2013000,2,D,,,true
2013030,2013030,Heat & Power Systems SA de CV,2013000,2,D,,,true
2013031,2013031,Transportes Especializados Mazan SA de CV,2013000,2,D,,,true
2013032,2013032,Torres y Servicios Tecnicos SA de CV,2013000,2,D,,,true
2013033,2013033,GRUPO EMPRESARIAL CONSULTIVO EN INTEGRACIÓN Y TECN,2013000,2,D,,,true
2013034,2013034,Big Band SA de CV,2013000,2,D,,,true
2013035,2013035,Enlaces Terrestres Cervantes SA de CV,2013000,2,D,,,true
2013036,2013036,"Brittel, SA de CV",2013000,2,D,2105.03,205.02,true
2013037,2013037,Grupo Cinte Soluciones de Integracion SC,2013000,2,D,,,true
2013038,2013038,"Transpover, SA de CV",2013000,2,D,2105.03,205.02,true
2013039,2013039,"One Supply, SA de CV",2013000,2,D,2105.03,205.02,true
2013040,2013040,"Soaint Mexico, SA de CV",2013000,2,D,2105.03,205.02,true
2013041,2013041,"Sigo Logistic, SA de CV",2013000,2,D,,,true
2013042,2013042,TELECOBERTURAS INTERNACIONALES SA,2013000,2,D,,,true
2013043,2013043,BTL Tecnologia,2013000,2,D,,205,true
2013044,2013044,CERBATEX,2013000,2,D,,106.05,true
2013045,2013045,HARTNES,2013000,2,D,2105.03,205.02,true
2013046,2013046,Quinto Sol,2013000,2,D,2105.03,205.02,true
2013047,2013047,TECNISPICE,2013000,2,D,2105.03,205.02,true
2013048,2013048,"Litografica Delta, SA de CV",2013000,2,D,2105.03,205.02,true
2013054,2013054,"PKD, SA DE CV",2013000,2,D,,,true
2013055,2013055,Transportaciones y Logictica de Mexico,2013000,2,D,,,true
2013057,2013057,GPO IMPRIME,2013000,2,D,,,true
2013058,2013058,WPN,2013000,2,D,,,true
2013059,2013059,ALTOS HORNOS DE MEXICO SAB DE CV,2013000,2,D,,,true
2013060,2013060,ALGODONERA DEL PONIENTE,2013000,2,D,,,true
2013061,2013061,VICASOEN SAPI DE CV,2013000,2,D,,,true
2013062,2013062,B Y B IMPRESORES SA DE CV,2013000,2,D,,,true
2013064,2013064,B&B APPAREL SA DE CV,2013000,2,D,,,true
2013063,2013063,ISP LATINOAMERICA S DE RL DE CV,2013000,2,D,,,true
2011000,2011000,Nacionales,2010000,4,D,,,false
2011001,2011001,Eduardo Creel SN,2011000,2,D,,,true
2011002,2011002,"Zarco Capital, S.A. de C.V.",2011000,2,D,,,true
2011003,2011003,"Alus, S.A. de C.V.",2011000,2,D,,,true
2011004,2011004,"Panera el Roble, S.A. de C.V.",2011000,2,D,,,true
2011005,2011005,Juan Pablo,2011000,2,D,,,true
2011006,2011006,"Queso Portales, S.A. de C.V.",2011000,2,D,,,true
2011007,2011007,Biomaster,2011000,2,D,,,true
2011008,2011008,"Comercializadora Plavicom, S.A",2011000,2,D,,,true
2011009,2011009,Felipe Fernandez,2011000,2,D,,,true
2011010,2011010,Juan Pablo,2011000,2,D,,,true
2011011,2011011,Dezdez Capital SA de CV,2011000,2,D,,,true
2011012,2011012,María Sánchez Navarro Redo,2011000,2,D,,,true
2011013,2011013,Volarco Capital SA de CV,2011000,2,D,,,true
2011014,2011014,Juan A Fernandez SN,2011000,2,D,,,true
2011015,2011015,Charles,2011000,2,D,,,true
2011106,2011106,Fondo de Marcas Mexicanas,2011000,2,D,,,true
2011017,2011017,"RMZH, SC",2011000,2,D,,,true
2011018,2011018,Blue Path,2011000,2,D,,,true
2011107,2011107,CO Plataforma de Investigacion Generativa,2011000,2,D,,,true
2011019,2011019,"Info 100, SA de CV",2011000,2,D,,,true
2011020,2011020,"Soporte Fersana, SA de CV",2011000,2,D,,,true
2011021,2011021,"Edmiston & Company, SA de CV",2011000,2,D,,,true
2011022,2011022,"Servicios Empresariales de Alta Calidad, SA de CV",2011000,2,D,,,true
2011023,2011023,"Gestion Hilco Acetec, S de RL de CV",2011000,2,D,,,true
2011024,2011024,"Greenberg Trauring, S.C.",2011000,2,D,,,true
2011025,2011025,Jose Manuel Vaca Elguero,2011000,2,D,,,true
2011026,2011026,"Marcas Coronado, SA de CV",2011000,2,D,,,true
2011027,2011027,"Inmobiliaria Zehcnas, SA de CV",2011000,2,D,,,true
2011028,2011028,Ignacio Usobiaga H,2011000,2,D,,,true
2011029,2011029,"Exsan de Mexico, SA de CV",2011000,2,D,,,true
2011030,2011030,"Comercializadora Alus, S.A. de C.V.",2011000,2,D,,,true
2011031,2011031,Alberto Usobiaga H,2011000,2,D,,,true
2011032,2011032,"Connovo, S.A.",2011000,2,D,,,true
2011033,2011033,AU Capital Servicios y Leasing SAPI de CV,2011000,2,D,,,true
2011034,2011034,American Express Company,2011000,2,D,,,true
2011108,2011108,"Career Mangment Consultant, SA de CV",2011000,2,D,,,true
2011035,2011035,Victor Jimenez,2011000,2,D,,,true
2011111,2011111,"Papers, SA de CV",2011000,2,D,2105.03,205.06,true
2011036,2011036,"Servicios y Logistica ABC, SA de CV",2011000,2,D,2102.03,201.01,true
2011114,2011114,Habilitacion de Papel SA de CV,2011000,2,D,2105.03,205.02,true
2011037,2011037,Wai Marketing SA de CV,2011000,2,D,2105.03,205.02,true
2011038,2011038,Crembo Fashion SA de CV,2011000,2,D,,,true
2011039,2011039,Bolisdlucy de Morelos SA de CV,2011000,2,D,,,true
2011040,2011040,ISSI Tecnologia SA de CV,2011000,2,D,,,true
2011041,2011041,Manuel Moreno,2011000,2,D,,,true
2011042,2011042,Ecoblock International SA de CV,2011000,2,D,,,true
2011043,2011043,Maria Prieto Gaspar de Alba,2011000,2,D,2105.03,205.02,true
2011044,2011044,Heat & Power Systems SA de CV,2011000,2,D,2105.03,205.02,true
2011045,2011045,Torres y Servicios Tecnicos SA de CV,2011000,2,D,,,true
2011047,2011047,Big Band SA de CV,2011000,2,D,,,true
2011136,2011136,"Brittel, SA de CV",2011000,2,D,2105.03,205.02,true
2011046,2011046,GRUPO EMPRESARIAL CONSULTIVO EN INTEGRACIÓN Y TECN,2011000,2,D,,,true
2011049,2011049,Enlaces Terrestres Cervantes SA de CV,2011000,2,D,,,true
2011138,2011138,"Transpover, SA de CV",2011000,2,D,2105.03,205.02,true
2011137,2011137,"Grupo Cinte Soluciones de Intgracion, SC",2011000,2,D,2105.03,205.02,true
2011139,2011139,"Soaint, SA de CV",2011000,2,D,2105.03,205.02,true
2011140,2011140,Sigo Logistics SA de CV,2011000,2,D,2105.03,205.02,true
2011142,2011142,TELECOBERTURAS INTERNACIONALES SA DE CV,2011000,2,D,,205,true
2011051,2011051,"One Supply, SA de CV",2011000,2,D,2105.03,205.02,true
2011171,2011171,Btl Tecnologia,2011000,2,D,2105.03,205.02,true
2011052,2011052,Cerbatex,2011000,2,D,2105.03,205.02,true
2011172,2011172,Maria de Lourdes SN R,2011000,2,D,,205,true
2011174,2011174,TECNISPICE,2011000,2,D,2105.03,205.02,true
2011175,2011175,"Litografica Delta, SA de CV",2011000,2,D,2105.03,205.02,true
2011176,2011176,"Buch International, LP",2011000,2,D,2105.01,205.04,true
2011048,2011048,Capitales Orinoco SA de CV,2011000,2,D,,,true
2011050,2011050,ALTUM CP SAPI DE CV SOFOM ENR,2011000,2,D,,205,true
2011177,2011177,Soluciones Virtuales de Latinoamérica,2011000,2,D,,,true
2011178,2011178,Diversos,2011000,2,D,,,true
2011100,2011100,Intereses dev por préstamos recibidos,2010000,4,D,,,false
2011101,2011101,Felipe Fernandez,2011100,2,D,,,true
2011102,2011102,Dezdez Capital SA de CV,2011100,2,D,,,true
2011103,2011103,María Sánchez Navarro Redo,2011100,2,D,,,true
2011104,2011104,Volarco Capital SA de CV,2011100,2,D,,,true
2011109,2011109,"AF Servicios y Leasing, SA de CV",2011100,2,D,,,true
2011110,2011110,"Mercantil de Productos Morelos, SA de CV",2011100,2,D,,,true
2011112,2011112,"Airis de Mexico, S.A. de C.V.",2011100,2,D,2105.03,205.02,true
2011113,2011113,"Transportes Unido Ejido Morelos, SA de CV",2011100,2,D,2105.03,205.02,true
2011115,2011115,Deporte Motor SA de CV,2011100,2,D,2105.03,205.02,true
2011105,2011105,"Inmobiliaria Zechnas, S.A. de C.V.",2011100,2,D,,,true
2011116,2011116,Transportes Especializados Mazan SA de CV,2011100,2,D,,,true
2011170,2011170,TUEM SA DE CV,2011100,2,D,,,true
2011173,2011173,Quinto Sol,2011100,2,D,,205,true
2014000,2014000,Venta de Cartera - Cta por Pagar Factoraje,2010000,4,D,,,false
2014001,2014001,"Panera el Roble, SA de CV",2014000,2,D,,,true
2014008,2014008,"Derivados Industriales del Cafe, SA",2014000,2,D,,,true
2014011,2014011,"Exsan de Mexico, SA de CV",2014000,2,D,,,true
2014002,2014002,"Queso Portales, SA de CV",2014000,2,D,,,true
2014016,2014016,"Traddex, SA de CV",2014000,2,D,,,true
2014010,2014010,"Deporte Motor, SA de CV",2014000,2,D,,,true
2014019,2014019,"Mercantil de Productos Morelos, SA de CV",2014000,2,D,,,true
2014021,2014021,"Papers, S.A. de C.V.",2014000,2,D,,,true
2014022,2014022,Transportistas Unidos Ejidos de Morelos SA de CV,2014000,2,D,,,true
2014028,2014028,"Crembo Fashion, SA de CV",2014000,2,D,2105.03,205.02,true
2014037,2014037,"Gpo Cinte Soluciones de Integracion, SC",2014000,2,D,2103.03,202.03,true
2014038,2014038,"Transpover, SA de CV",2014000,2,D,2105.03,205.02,true
2014034,2014034,"Big Band, SA de CV",2014000,2,D,2105.03,205.02,true
2014033,2014033,GRUPO EMPRESARIAL CONSULTIVO EN INTEGRACIÓN Y TECN,2014000,2,D,2105.03,205.02,true
2014035,2014035,"Enlaces Terrestres Cervantes, SA de CV",2014000,2,D,2105.03,205.02,true
2014040,2014040,"Soaint Mexico, SA de CV",2014000,2,D,2105.03,205.02,true
2015000,2015000,Venta de Cartera - Int por Devengar Factoraje,2010000,4,D,,,false
2015001,2015001,"Panera el Roble, SA de CV",2015000,2,D,,,true
2015008,2015008,Derivados Industriales delCa,2015000,2,D,,,true
2015011,2015011,"Exsan de Mexico, SA de CV",2015000,2,D,,,true
2015002,2015002,"Queso Portales, SA de CV",2015000,2,D,,,true
2015016,2015016,"TRaddex, SA de CV",2015000,2,D,,,true
2015010,2015010,"Deporte Motor, SA de CV",2015000,2,D,,,true
2015019,2015019,"Mercantil de Productos Morelos, SA de CV",2015000,2,D,,,true
2015021,2015021,"Papers, S.A. de C.V.",2015000,2,D,,,true
2015022,2015022,Transportistas Unidos Ejidos Morelos SA de CV,2015000,2,D,,,true
2015028,2015028,"Crembo Fashion, SA de CV",2015000,2,D,2105.03,205.02,true
2015037,2015037,"Gpo Cinte Soluciones de Integracion, SC",2015000,2,D,2103.03,202.03,true
2015038,2015038,"Transpover, SA de CV",2015000,2,D,2105.03,205.02,true
2015034,2015034,"Big Band, SA de CV",2015000,2,D,2105.03,205.02,true
2015033,2015033,GRUPO EMPRESARIAL CONSULTIVO EN INTEGRACIÓN Y TECN,2015000,2,D,2105.03,205.02,true
2015035,2015035,"Enlaces Terrestres Cervantes, SA de CV",2015000,2,D,,,true
2015040,2015040,"Soaint Mexico, SA de CV",2015000,2,D,2105.03,205.02,true
2016000,2016000,Anticipo de clientes,2010000,4,D,,,false
2016001,2016001,Diversos,2016000,2,D,,,true
2017000,2017000,Remante por Devolver,2010000,4,D,,,false
2017034,2017034,Big Band,2017000,2,D,,,true
2017007,2017007,Bio Master,2017000,2,D,,,true
2017043,2017043,BTL Tecnologia,2017000,2,D,,,true
2017035,2017035,Enlaces Terrestres Cervantes,2017000,2,D,,,true
2017044,2017044,Cerbatex,2017000,2,D,,,true
2017010,2017010,Deporte Motor,2017000,2,D,,,true
2017011,2017011,Exsan,2017000,2,D,,,true
2017037,2017037,Cinte,2017000,2,D,,,true
2017033,2017033,GRUPO EMPRESARIAL CONSULTIVO EN INTEGRACIÓN Y TECN,2017000,2,D,,,true
2017048,2017048,Liftgrafia,2017000,2,D,,,true
2017046,2017046,Quinto Sol,2017000,2,D,,,true
2017001,2017001,Panera el Roble,2017000,2,D,,,true
2017002,2017002,Queso,2017000,2,D,,,true
2017041,2017041,Sigo,2017000,2,D,,,true
2017040,2017040,Soaint Mexico,2017000,2,D,,,true
2017047,2017047,Tecnispice,2017000,2,D,,,true
2017042,2017042,TCI,2017000,2,D,,,true
2017022,2017022,TUEMSA,2017000,2,D,,,true
2017054,2017054,PKD,2017000,2,D,,,true
2017058,2017058,WPN,2017000,2,D,,,true
2017019,2017019,"Mercantil de Productos Morelos, SA de CV",2017000,2,D,,,true
2017062,2017062,B Y B IMPRESORES SA DE CV,2017000,2,D,,,true
2018000,2018000,Aforo - Cartera vencida,2010000,4,D,,,false
2018044,2018044,CERBATEX,2018000,2,D,,,true
2018037,2018037,CINTE,2018000,2,D,,,true
2018033,2018033,GRUPO EMPRESARIAL CONSULTIVO EN INTEGRACIÓN Y TECN,2018000,2,D,,,true
2018002,2018002,QUESO,2018000,2,D,,,true
2018034,2018034,BIG BAND,2018000,2,D,,,true
2018011,2018011,EXSAN,2018000,2,D,,,true
2018055,2018055,TRANSPORTACIONES Y LOGISTICA DE MEXICO S DE RL DE,2018000,2,D,,,true
2018022,2018022,TUEMSA,2018000,2,D,,,true
2019000,2019000,Intereses del plazo - Cartera vencida,2010000,4,D,,,false
2019044,2019044,CERBATEX,2019000,2,D,,,true
2019037,2019037,CINTE,2019000,2,D,,,true
2019033,2019033,GRUPO EMPRESARIAL CONSULTIVO EN INTEGRACIÓN Y TECN,2019000,2,D,,,true
2019002,2019002,QUESO,2019000,2,D,,,true
2019034,2019034,BIG BAND,2019000,2,D,,,true
2019011,2019011,EXSAN,2019000,2,D,,,true
2019055,2019055,TRANSPORTACIONES Y LOGISTICA DE MEXICO S DE RL DE,2019000,2,D,,,true
2019022,2019022,TUEMSA,2019000,2,D,,,true
2011179,2011179,ALTUM - Corto Plazo,2010000,2,D,,,true
2020000,2020000,Impuestos por Pagar,0000210,1,D,,,false
2021000,2021000,ISR por Pagar,2020000,4,D,,,false
2021001,2021001,ISR por Salarios,2021000,2,D,,,true
2021002,2021002,ISR Retenido,2021000,2,D,,,true
2021003,2021003,ISR del Ejercicio,2021000,2,D,,,true
2022000,2022000,IVA por Pagar,2020000,4,D,,,false
2022001,2022001,IVA Causado,2022000,2,D,,,true
2022002,2022002,IVA Pendiente de Causar,2022000,2,D,,,true
2022003,2022003,IVA Retenido,2022000,2,D,,,true
2021004,2021004,ISR pagos provisionales,2020000,2,D,,,true
2023000,2023000,IETU po Pagar,2020000,4,D,,,false
2023001,2023001,IETU Pago Provisional,2023000,2,D,,,true
2023002,2023002,IETU Pago Anual,2023000,2,D,,,true
2000000,2000000,Proveedores,0000210,1,D,,,false
2001000,2001000,Provedores Nacionales,2000000,4,D,,,false
2001001,2001001,"Dezdez Capital, SA de CV",2001000,2,D,,,true
2001002,2001002,"Edmiston & Company, SA de CV",2001000,2,D,,,true
2001003,2001003,"Info 100, SA de CV",2001000,2,D,,,true
2001004,2001004,"Blue Path, SA de CV",2001000,2,D,,,true
2001005,2001005,"Soporte Fersana, SA de CV",2001000,2,D,,,true
2001006,2001006,"Servicios Empresariales de Alta Calidad, SA de CV",2001000,2,D,,,true
2001007,2001007,"FGA Consultores, SC",2001000,2,D,,,true
2001008,2001008,"Iusacel, SA de CV",2001000,2,D,,,true
2001009,2001009,"Distribuidora Volskwagen Central, SA de CV",2001000,2,D,,,true
2001010,2001010,"Greenberg Traurig, SC",2001000,2,D,,,true
2001011,2001011,"Peninsula Motors, SA de CV",2001000,2,D,,,true
2001012,2001012,"Exertus Consulting, SA de CV",2001000,2,D,,,true
2001013,2001013,"Grupo Peninsula Motors, S de RL de CV",2001000,2,D,,,true
2001014,2001014,"Digital Invoice Factory, SA de CV",2001000,2,D,,,true
2001015,2001015,"Docastelo, SA de CV",2001000,2,D,,,true
2001016,2001016,"RMZH, SC",2001000,2,D,,,true
2001017,2001017,"ABC Aerolineas, SA de CV",2001000,2,D,,,true
2001018,2001018,"AML Advisory and Consulting Services, SC",2001000,2,D,,,true
2001019,2001019,"UVE Digital Producers, S.L.",2001000,2,D,,,true
2001020,2001020,Sebastian Manterola Ogarrio,2001000,2,D,,,true
2001021,2001021,"Grupoo Nacional Provincial, SA",2001000,2,D,,,true
2001022,2001022,"Control y Operacion de Inmuebles, SA de CV",2001000,2,D,,,true
2001023,2001023,"Kuma Desarrollos, SA de CV",2001000,2,D,,,true
2001024,2001024,"American Express Company, SA",2001000,2,D,,,true
2001025,2001025,"Premier Chevrolet, SA de CV",2001000,2,D,,,true
2001026,2001026,Manuel Vaca Elguero,2001000,2,D,,,true
2001027,2001027,"Vallern Motors, S.A. de C.V.",2001000,2,D,,,true
2001028,2001028,"Aurum Corp, S.A. de C.V.",2001000,2,D,,,true
2001029,2001029,"Martinez y Vega, S.C.",2001000,2,D,,,true
2001030,2001030,"Especialized Legal Consulting, S.C.",2001000,2,D,,,true
2001031,2001031,"HDI Seguros, SA de CV",2001000,2,D,,,true
2001032,2001032,"Auto Safe, S.A de C.V.",2001000,2,D,,,true
2001033,2001033,"Sistema de Transferencias y Pagos STP, SA de CV",2001000,2,D,,,true
2001034,2001034,"Dun Bradstreet, SA de CV",2001000,2,D,,,true
2001035,2001035,"Urban Copy, S.A. de C.V.",2001000,2,D,,,true
2001036,2001036,"MS Notario, S.C.",2001000,2,D,,,true
2001037,2001037,Moises Farca Ch,2001000,2,D,,,true
2001038,2001038,"Interlomas Mundo Automotriz, SA de CV",2001000,2,D,,,true
2001039,2001039,"Glas Aluminium & Construccions, SA de CV",2001000,2,D,,,true
2001040,2001040,"Ubiknos Mexico, SA de CV",2001000,2,D,,,true
2001041,2001041,"Nueva Autootriz del Toro, S.A. de C.V.",2001000,2,D,,,true
2001042,2001042,Secretaria de Finanzas del DF,2001000,2,D,,,true
2001043,2001043,"Oterces Consultores de Mexico, SA de CV",2001000,2,D,,,true
2001044,2001044,"Best Buy Store, S de R.L.",2001000,2,D,,,true
2001045,2001045,"Soni Universidad, S.A. de C.V.",2001000,2,D,,,true
2001046,2001046,Maria Fernanda Arambula Hernandez,2001000,2,D,,,true
2001047,2001047,Victor Coca Luna,2001000,2,D,,,true
2001048,2001048,Vicente Tellez Hernandez,2001000,2,D,,,true
2001049,2001049,"Trans Union de Mexico, SA SIC",2001000,2,D,,,true
2001050,2001050,"Arc Canto, SA de CV",2001000,2,D,2102.03,201.01,true
2001051,2001051,Jose Labardini Shetino,2001000,2,D,2102.03,201.01,true
2001052,2001052,"Garrido Licona y Asociados, S.C",2001000,2,D,2102.03,201.01,true
2001053,2001053,Luis Gonzalo Herrera,2001000,2,D,2102.03,201.01,true
2001054,2001054,Eugenio Bermudes Gerra,2001000,2,D,2102.03,201.01,true
2001055,2001055,Nebulo Mexico SC,2001000,2,D,2102.03,201.01,true
2001056,2001056,Asociacion Mexicana de Factoraje Financiero y ACT,2001000,2,D,2102.03,201.01,true
2001057,2001057,Google Operaciones de Mexico S de RL de CV,2001000,2,D,,,true
2001058,2001058,Servicios Unicoud SAPI de CV,2001000,2,D,,,true
2001059,2001059,Circulo de Credito SA de CV,2001000,2,D,2102.03,201.01,true
2001060,2001060,Social Venture Exchange Mexico SAPI de CV,2001000,2,D,2102.03,201.01,true
2001061,2001061,Correduria Publica 62 Distrito Federal,2001000,2,D,2102.03,201.01,true
2001062,2001062,Cocina Urbana SA de CV,2001000,2,D,2102.03,201.01,true
2001063,2001063,Valencia del Toro Abogados SC,2001000,2,D,2102.03,201.01,true
2001064,2001064,Corporativo Ilexlumina SC,2001000,2,D,2102.03,201.01,true
2001065,2001065,Salles Sainz Grant Thornton SC,2001000,2,D,2102.03,201.01,true
2001066,2001066,Servicios Contables Gasar SA,2001000,2,D,2102.03,201.01,true
2001067,2001067,Diego Muro Polo,2001000,2,D,2102.03,201.01,true
2001068,2001068,Consultores en Efectivadad Gerencial SA de CV,2001000,2,D,2102.03,201.01,true
2001069,2001069,Cesce Mexico SA de CV,2001000,2,D,2102.03,201.01,true
2001070,2001070,Propuesta SA de CV,2001000,2,D,2102.03,201.01,true
2001071,2001071,Ima Gen Vida SA de CV,2001000,2,D,2102.03,201.01,true
2001072,2001072,Sad Marke SA de CV,2001000,2,D,2102.03,201.01,true
2001073,2001073,Innovacion en Proyectos Comerciales SC,2001000,2,D,2102.03,201.01,true
2001074,2001074,Trujillo Betanzos y Asociados SC,2001000,2,D,2102.03,201.01,true
2001075,2001075,"Villareal, Gancia Campuzano, Gomez y Fernandez SC",2001000,2,D,2102.03,201.01,true
2001076,2001076,Asociacion de Sociedades Financieras de Objeto Mul,2001000,2,D,2102.03,201.01,true
2001077,2001077,AC Grupo Internacional SA de CV,2001000,2,D,2102.03,201.01,true
2001078,2001078,DHL Express Mexico SA de CV,2001000,2,D,2102.03,201.01,true
2001079,2001079,Francisco Torres Arizmendi,2001000,2,D,2102.03,201.01,true
2001080,2001080,"Data Compensation, S.C.",2001000,2,D,2102.03,201.01,true
2001081,2001081,Raul Valencia de Toro,2001000,2,D,2102.03,201.01,true
2001082,2001082,"ITEC Soluciones y Desarrollo, SA de CV",2001000,2,D,2102.03,201.01,true
2001083,2001083,Silvia Sanchez Guadarrama,2001000,2,D,2102.03,201.01,true
2001084,2001084,Randstad Mexico S de RL de CV,2001000,2,D,2102.03,201.01,true
2001085,2001085,"BLANCO CARRILLO, S.C",2001000,2,D,2102.03,201.01,true
2001086,2001086,"Impulsa Aceleradora de Negocios, S.C.",2001000,2,D,2102.03,201.01,true
2001087,2001087,PUNTACUADRO SERVICIOS INTEGRALES SA DE CV TARJETAS,2001000,2,D,2102.03,201.01,true
2001088,2001088,CIADEZ PROYECT SA DE CV,2001000,2,D,2102.03,201.01,true
2001089,2001089,Lillie Hernandez Miron,2001000,2,D,2102.03,201.01,true
2001090,2001090,"Trevor Phillips Enterprises, SA de CV",2001000,2,D,,,true
2001091,2001091,Edgar José Useches Guerrero,2001000,2,D,,,true
2001092,2001092,"HR Raitings de México, SA de CV",2001000,2,D,,,true
2001093,2001093,"MERCA METRICA EDICIONES, SA",2001000,2,D,,,true
2001094,2001094,Intermediación digital.com SAPI de CV,2001000,2,D,,,true
2001095,2001095,"Fondo de Marcas Mexicanas, S.A. de C.V.",2001000,2,D,,,true
2001096,2001096,Proveedores Diversos,2001000,2,D,,,true
2001097,2001097,PEOPLE EMPOWERMENT AND DEVELOPMENT SA DE CV,2001000,2,D,,,true
2001098,2001098,ESTRATEGIAS DE NEGOCIOS MOJO,2001000,2,D,,,true
2001099,2001099,"PROMETHEUS TECHNOLOGY, SA DE CV",2001000,2,D,,,true
2001100,2001100,CINTE JOBS SA DE CV,2001000,2,D,,,true
2001101,2001101,"Banco Actinver, Institucion de Banca Multiple",2001000,2,D,,,true
2001102,2001102,Acosta Consultores & Asociados S.A.S,2001000,2,D,,,true
2001103,2001103,Xolalpa Alejo y Asociados SC,2001000,2,D,,,true
2001104,2001104,Teledesic Broadband Networks SA de CV,2001000,2,D,,,true
2001105,2001105,Christian F. Zinser Cieslik y Asociados S.C.,2001000,2,D,2102.03,201.01,true
2001106,2001106,Ivan Jacobo Guevara Robles,2001000,2,D,2102.03,201.01,true
2001107,2001107,Serviciops y gestiones empresariales VGRP,2001000,2,D,,,true
2001108,2001108,Coliseo marketing solutions S.A. de C.V.,2001000,2,D,,,true
2030000,2030000,Depositos por aplicar,0000210,2,D,,,false
2031001,2031001,Panera,2030000,2,D,,,true
2031003,2031003,Cinte,2030000,2,D,,,true
2031048,2031048,Liftografica,2030000,2,D,,,true
2031034,2031034,Big Band,2030000,2,D,,,true
2031044,2031044,Cerbatex,2030000,2,D,,,true
2031011,2031011,Exsan,2030000,2,D,,,true
2031047,2031047,Tecnispace,2030000,2,D,,,true
2031062,2031062,B Y B IMPRESORES SA DE CV,2030000,2,D,,,true
2031002,2031002,QUESO PORTALES,2030000,2,D,,,true
2031040,2031040,SOAINT,2030000,2,D,,,true
2031022,2031022,TUEMSA,2030000,2,D,,,true
2031007,2031007,BIO MASTER,2030000,2,D,,,true
2040000,2040000,Provisión de gastos,0000210,1,D,,,false
2041000,2041000,Provisión de Gastos en general (Cierre),2040000,2,D,,,true
0000220,0000220,A Largo Plazo,0000200,3,D,,,false
2200000,2200000,Aportaciones para Futuros Aumentos de Capital,0000220,1,D,,,false
2201000,2201000,Nacionales,2200000,4,D,,,false
2201005,2201005,"Capital Zarco, S.A. de C.V.",2201000,2,D,,,true
2201006,2201006,Beatriz Sanchez Navarro,2201000,2,D,,,true
2201001,2201001,"Dezdez Capital, S.A. de C.V.",2200000,2,D,,,true
2201002,2201002,Eduardo Creel SN,2200000,2,D,,,true
2201003,2201003,"Zarco Capital, S.A. de C.V.",2200000,2,D,,,true
2201004,2201004,Elena Sanchez Navarro Redo,2200000,2,D,,,true
2201007,2201007,"Capitales el Roble, SA de CV",2200000,2,D,,,true
2100000,2100000,Depositos en Garantia,0000220,1,D,,,false
2100001,2100001,"Securirrent, SA de CV",2100000,2,D,,,true
2100002,2100002,"Panera el Roble, SA de CV",2100000,2,D,,,true
2100003,2100003,"Protectogard, SA de CV",2100000,2,D,,,true
2100004,2100004,"Cabo Development, S.A. de C.V.",2100000,2,D,,,true
2100005,2100005,Mercantil de Productos de Morelos SA de CV,2100000,2,D,,,true
2300000,2300000,Comisiones por restructura,0000220,2,D,,,false
2301000,2301000,Comisiones por restructura de Credito,2300000,2,D,,,false
2301001,2301001,Cerbatex,2301000,2,D,,,true
4000000,4000000,Ingresos,0000000,3,H,,,false
4010000,4010000,Ingresos por Intereses,4000000,1,H,,,false
4011000,4011000,Intereses por Factoraje,4010000,2,H,,,true
4012000,4012000,Intereses por Prestamo,4010000,2,H,,,true
4013000,4013000,Venta Activo Fijo,4010000,2,H,,,true
4014000,4014000,Arrendamiento de Autos,4010000,2,H,,,true
4015000,4015000,Intereses por Venta de Cartera,4010000,2,H,,,true
4016000,4016000,Recuperacion de Gastos,4010000,2,H,,,true
4017000,4017000,Comision por Apertura de Linea y Disposicion,4010000,2,H,4101.01,401.01,true
4018000,4018000,Intereses Moratorios por Factoraje,4010000,2,H,,106.05,true
4019000,4019000,Intereses Moratorios por Credito,4010000,2,H,,,true
4019100,4019100,Comision por restructura,4010000,2,H,,,true
7000000,7000000,Otros Productos y Gastos,0000000,1,H,,,true
5000000,5000000,Gastos de Administración,0000000,3,G,,,false
5011000,5011000,Gastos de Administración,5000000,4,G,,,false
5011001,5011001,Honorarios Profesionales,5011000,2,G,,,true
5011002,5011002,Servicios Profesionales PM,5011000,2,G,,,true
5011003,5011003,Otros Impuestos y Derechos,5011000,2,G,,,true
5011004,5011004,IVA Acreditable,5011000,2,G,,,true
5011005,5011005,Depreciación,5011000,2,G,,,true
5011006,5011006,Amortización,5011000,2,G,,,true
5011070,5011070,Gastos Fiduciarios,5011000,2,G,,,true
5011007,5011007,"Telefono, Internet y Mensajeria",5011000,2,G,,,true
5011008,5011008,"Servicios Empresariales Alta Calidad, S.A. de C.V.",5011000,2,G,,,true
5011009,5011009,"Despacho Tavel, S.C.",5011000,2,G,,,true
5011010,5011010,Servicios y Logistica ABC S.A. de C.V.,5011000,2,G,,,true
5011011,5011011,Costo venta activo fijo,5011000,2,G,,,true
5011012,5011012,Gastos de Representación,5011000,2,G,,,true
5011013,5011013,"Soporte Fersana, S.A. de C.V.",5011000,2,G,,,true
5011014,5011014,"RMZH, S.C.",5011000,2,G,,,true
5011015,5011015,Comisión Nacional Bancaria y Valores,5011000,2,G,,,true
5011016,5011016,"Kiehnle Zarate y Cia, S.C.",5011000,2,G,,,true
5011017,5011017,Servicios Legales - Corporativos,5011000,2,G,,,true
5011018,5011018,Papeleria y Artículos de Oficina,5011000,2,G,,,true
5011080,5011080,Servicios de Personal,5011000,2,G,,,true
5011019,5011019,Cursos y Actualizaciones,5011000,2,G,,,true
5011020,5011020,"Blue Path, SA de CV",5011000,2,G,,,true
5011021,5011021,Asimilados a Salarios,5011000,2,G,,,true
5011022,5011022,"Info 100, SA de CV",5011000,2,G,,,true
5011023,5011023,Servicios de Tecnología de la Información,5011000,2,G,,,true
5011024,5011024,"Dezdez Capital, SA de CV",5011000,2,G,,,true
5011025,5011025,"Edminston & Company, SA de CV",5011000,2,G,,,true
5011026,5011026,Diversos,5011000,2,G,,,true
5011027,5011027,Donativos,5011000,2,G,,,true
5011028,5011028,Comisiones Bancarias,5011000,2,G,,,true
5011029,5011029,Recargos,5011000,2,G,,,true
5011030,5011030,Gastos No Deducibles,5011000,2,G,,,true
5011031,5011031,"Gallegos y Asociados Constructores, SA",5011000,2,G,,,true
5010031,5010031,Gallegos y Asociados Constructores,5011000,2,G,,,true
5011032,5011032,"Exertus Consulting, SA de CV",5011000,2,G,,,true
5011033,5011033,"AML Advisory and Consulting Services, SC",5011000,2,G,,,true
5011034,5011034,UVE DIGITAL PRODUCERS,5011000,2,G,,,true
5011035,5011035,"Greenberg Trauring, SC",5011000,2,G,,,true
5011036,5011036,Ma de Lourdes SNR,5011000,2,G,,,true
5011037,5011037,Alberto Usobiaga H,5011000,2,G,,,true
5011038,5011038,Cuotas y Suscripciones,5011000,2,G,,,true
5011039,5011039,"Aurum Corp, S.A. de C.V.",5011000,2,G,,,true
5011040,5011040,"Connovo, S.A.",5011000,2,G,,,true
5011041,5011041,"Volarco Capital, SA de CV",5011000,2,G,,,true
5011042,5011042,Juan A Fernandez Sanchez Navarro,5011000,2,G,,,true
5011043,5011043,"Martine y Vega, S.C.",5011000,2,G,,,true
5011044,5011044,"Especialized Legal Consulting, S.C.",5011000,2,G,,,true
5011045,5011045,Seguros y Fianzas,5011000,2,G,,,true
5011046,5011046,"Ubiknos Mexico, SA de CV",5011000,2,G,,,true
5011047,5011047,"MS Notarios, S.C.",5011000,2,G,,,true
5011048,5011048,Moises Farca Chabarati,5011000,2,G,,,true
5011049,5011049,DROPBOX INC,5011000,2,G,,,true
5011050,5011050,Victor Jimenez,5011000,2,G,,,true
5011051,5011051,"Arc Canto, SA de CV",5011000,2,G,5101.01,502.01,true
5011052,5011052,"Transportes Unidos Morelos, SA de CV",5011000,2,G,5102.07,501.01,true
5011053,5011053,"AF Servicios y Leasing, SA de CV",5011000,2,G,5101.01,502.02,true
5011054,5011054,Felipe Fernandez Sanchez N,5011000,2,G,5101.01,502.01,true
5011055,5011055,Maria Prieto Gaspar de Alba,5011000,2,G,5102.07,501.08,true
5011056,5011056,Servicios Contables Gasar SA,5011000,2,G,5201.01,601.32,true
5011057,5011057,Renta de Oficinas Alpes 305,5011000,2,G,5201.01,601.46,true
5011058,5011058,"Inmobiliaria Zechnas, SA de CV",5011000,2,G,,603,true
5011059,5011059,Capitales Orinoco SA de CV,5011000,2,G,,,true
5011081,5011081,Reclutamiento y Seleccion,5011000,2,G,5201.01,601.60,true
5011082,5011082,Comisiones y Tarifas,5011000,2,G,,603,true
5011083,5011083,Pasivo Laboral,5011000,2,G,5102.07,501.08,true
5011060,5011060,Servicios de Consultoría,5011000,2,G,,,true
5021000,5021000,Gastos de Operacion por Arrendamiento,5000000,1,G,,,false
5021001,5021001,"Soporte Fersana, SA de CV",5021000,2,G,,,true
6000000,6000000,Costo Integral de Financiamiento,0000000,3,G,,,false
6010000,6010000,Productos Financieros,6000000,1,H,,,false
6010001,6010001,Utilidad Cambiaria,6010000,2,H,,,true
6010002,6010002,Intereses Ctas de Cheque,6010000,2,H,,,true
6010003,6010003,Intereses por Inversiones,6010000,2,H,,,true
6010004,6010004,Disponible,6010000,2,H,,,true
6010005,6010005,Utilidad Cambiaria no realizada,6010000,2,H,,,true
6020000,6020000,Gastos Financieros,6000000,1,G,,,false
6020001,6020001,Pérdida Cambiaria,6020000,2,G,,,true
6020002,6020002,Intereses PF,6020000,2,G,,,true
6020003,6020003,Intereses PM,6020000,2,G,,,true
6020004,6020004,Pérdida cambiaria no realizada,6020000,2,G,,,true
7990000,7990000,Impuestos por Pagar,0000000,3,G,,,false
7990001,7990001,ISR Por Pagar,7990000,1,G,,,true
7990002,7990002,IETU del Ejercicio,7990000,1,G,,,true
7990003,7990003,Reserva para Cuentas Incobrables,7990000,2,G,,,true
0000300,0000300,Capital Contable,0000000,2,F,,,false
3010000,3010000,Capital Social,0000300,1,F,,,false
3011000,3011000,Capital Fijo,3010000,4,F,,,false
3011001,3011001,"Inmobiliaria Zehcnas, S.A. de C.V.",3011000,2,F,,,true
3011002,3011002,"Dezdez Capital, S.A. de C.V.",3011000,2,F,,,true
3011003,3011003,Eduardo Juan Creel Sanchez Navarro,3011000,2,F,,,true
3011004,3011004,Elena Sanchez Navarro Redo,3011000,2,F,,,true
3011005,3011005,"Zarco Capital, S.A. de C.V.",3011000,2,F,,,true
3011006,3011006,Beatriz Sanchez Navarro,3011000,2,F,,,true
3011007,3011007,"Capitales el Roble, SA de CV",3011000,2,F,,,true
3011008,3011008,"AU Capital Servicios y Leasing, SAPI de CV",3011000,2,F,3101.01,301.01,true
3011009,3011009,Felipe Fernandez Sanchez Navarro,3011000,2,F,3101.01,301.01,true
3012000,3012000,Capital Variable,3010000,4,F,,,false
3012001,3012001,"Dezdez Capital, S.A. de C.V.",3012000,2,F,,,true
3012002,3012002,Eduardo Juan Creel Sánchez Navarro,3012000,2,F,,,true
3012003,3012003,Elena Spanchez Navarro,3012000,2,F,,,true
3012004,3012004,"Zarco Capital, S.A. de C.V.",3012000,2,F,,,true
3012005,3012005,"Capitales el Roble, SA de CV",3012000,2,F,,,true
3012006,3012006,Beatriz Sanchez Navarro,3012000,2,F,,,true
3012007,3012007,"AU Capial Servicios y Leasing, SAPI de CV",3012000,2,F,3101.01,301.02,true
3020000,3020000,Resultados Ejercicios Anteriores,0000300,1,F,,,false
3020001,3020001,Resultado del Ejercicio 2011,3020000,2,F,,,true
3020002,3020002,Resultado del Ejercicio 2012,3020000,2,F,,,true
3020003,3020003,Resultado del Ejercicio 2013,3020000,2,F,,,true
3020004,3020004,Resultado del Ejercicio 2014,3020000,2,F,3102.01,304.01,true
3020005,3020005,Resultado del Ejercicio 2015,3020000,2,F,3102.01,304.01,true
3020006,3020006,Resultado del Ejercicio 2016,3020000,2,F,3103.01,304.03,true
3020007,3020007,Resultado del Ejercicio 2017,3020000,2,F,3103.01,304.03,true
3050000,3050000,Reserva Legal,0000300,1,F,,,false
3050001,3050001,Reserva Legal,3050000,2,F,,,true
3030000,3030000,Aportaciones Suscritas No Pagadas,0000300,1,E,,,false
3030004,3030004,"Zarco Capital, S.A. de C.V.",3030000,2,E,,,true
3030001,3030001,"Dezdez Capital, SA de CV",3030000,2,E,,,true
3030002,3030002,Eduardo Juan Creel Sanchez Navarro,3030000,2,E,,,true
3030003,3030003,Elena Sanchez Navarro Redo,3030000,2,E,,,true
3030005,3030005,"Capitales el Roble, S.A. de C.V.",3030000,2,E,,,true
3030006,3030006,Beatriz Sanchez Navarro Redo,3030000,2,E,,,true
